rainfall_mm,river_discharge_cms,slope_percent,vegetation_cover,riverbank_capacity_sqm,flood_risk_percent
665.5000145,5464.819379,2.469787991,7.966813972,4036.89003,16.55548455
512.3957593,8742.163775,9.062545805,2.504678988,3812.796602,33.86956861
419.0609389,7349.026375,2.495461998,6.248740996,811.8045282,26.20745286
109.2130483,8084.955364,2.719497261,5.717459831,788.7848752,15.88111564
109.1961642,6621.95533,7.593982624,8.328303768,1377.46312,10.82639843
40.65852852,6953.537989,4.497398425,9.060870605,1837.319895,2.683166273
606.323302,8507.03695,7.76710557,0.121567715,2071.855128,46.55021023
420.7805082,2571.713288,0.653661576,6.740199191,3414.501223,1.348091468
495.6508045,4945.30714,4.875711937,0.518357991,330.5681392,36.38134758
678.9368965,9877.913279,0.626532035,2.87632729,1989.957287,42.14429072
582.7098486,9446.187463,9.064374533,3.067765995,3500.960276,39.04763232
127.277477,7085.194208,5.324206823,6.21292449,3225.447182,6.270765894
128.3831569,9259.958342,4.110956026,3.340499657,1336.149283,22.40764056
367.3295021,5722.657782,8.998333457,4.045273856,4483.665224,15.04509918
302.361513,9163.334146,0.218233968,0.683532003,1521.571661,28.97333524
428.2970263,7004.460646,9.633944342,2.857583246,2085.954662,32.87048928
97.64570246,3043.755173,5.601681835,4.327668796,1240.631347,5.941857006
204.501254,9251.522334,9.36822462,6.854438832,3378.300024,17.46651157
256.4532903,9713.476627,0.522578793,3.324561571,4139.020189,14.25420255
319.248989,9448.238242,4.187933191,0.565856561,3381.806048,27.11461929
549.623173,4794.720745,2.60157791,3.73921047,4130.534714,16.01270405
139.7716475,8634.222245,7.30820965,9.444485827,2015.111203,12.65680517
359.9641069,8461.039045,9.812970905,6.417343973,823.769005,33.47150969
414.6901982,3259.094685,2.565300624,6.714791487,3702.85719,3.601858415
32.5152889,8306.263194,6.541746015,6.322821536,1834.3488,11.87928888
425.2813963,466.3755837,1.980976328,1.98992139,3372.790585,4.89721642
119.3668866,6003.071797,5.653302546,4.183338641,1389.687513,13.94294774
664.2198761,1293.612169,9.720053296,1.013728976,4963.279888,20.04693682
675.9424232,861.8366961,6.085272727,2.778527761,823.1974643,29.74824396
565.8781437,6993.258881,3.495063721,2.763191085,4942.68392,21.31460906
478.9631186,747.0277739,2.2531693,0.675025467,3314.143662,10.37861668
308.1067456,3221.374345,2.509666613,5.187009944,2910.144899,4.346582776
85.42676439,5440.963795,8.506160578,1.79364682,4337.20265,5.730436281
346.6238371,7928.159332,5.612227883,9.706765454,1482.725632,19.79688281
24.07196478,3255.649779,5.233909114,1.133035047,2365.022002,3.245048617
636.5242815,6296.324627,1.147688719,4.036010024,3115.980348,25.65017592
181.1459871,8871.179708,8.601396933,7.378849848,2085.392856,19.13289946
463.765599,6197.045563,7.228143032,7.04554428,2166.057948,23.36387726
218.1977533,2406.2988,0.676683619,4.227286369,1684.909104,2.963196932
364.0476148,341.5677374,7.078350972,3.46524168,2842.947493,6.964658462
382.6971955,8713.978852,5.435382173,3.976123786,4260.343914,20.61607635
678.7092394,8759.54656,4.583006415,2.053329387,4675.443542,33.7876434
542.5929764,5336.477627,4.846962871,4.830396976,3460.983886,20.35261063
657.6492591,9396.770215,1.657745402,2.685337561,4125.202403,32.80582323
626.3791453,8007.954034,9.45698147,2.874616649,2803.143929,40.79718638
418.5299852,9979.547694,8.499753715,6.567560635,3908.607672,25.89985067
645.3119645,3572.046973,6.690223373,9.685373317,130.1919668,28.22774001
61.94475144,7695.16406,4.62295561,6.036372006,4100.983103,1.057150404
137.1880037,4079.116045,4.117655416,0.769794671,248.6873525,18.04548998
31.65910224,4850.768641,6.509734672,0.755836139,4455.071213,1.039435882
272.0741028,8749.40343,0.622731059,2.972907903,1505.633938,23.67466072
189.9443222,9842.426345,5.125026488,0.920669861,1091.076854,32.1262511
580.1162564,7705.906797,8.064036172,5.990445872,3838.548651,27.85106503
249.7273287,4235.891143,4.592398776,6.236487783,1302.480388,11.32007321
379.8872582,7402.064786,7.862781994,2.674020279,559.0708312,36.40151271
98.64695748,2463.893743,2.013637821,0.151106842,673.4782221,9.480525777
690.8208556,2943.666017,3.302150649,6.760262881,4242.091761,13.15916243
540.5713385,3033.450393,7.567515057,7.066298699,1655.430418,21.0973144
570.8229999,276.9519539,8.778300782,2.710962538,3035.593095,17.72570733
494.8001407,9878.451658,8.79581855,5.976682827,3428.535675,32.01850107
510.3050176,4334.954024,8.70578425,8.660956336,2898.027907,16.82983822
539.8892427,3904.833807,2.387962114,9.467337289,2173.858728,12.39171619
51.83125621,6828.508099,4.512393442,1.059058044,1415.817337,16.55314683
250.92601,2260.71349,9.849896561,1.548286126,3854.477588,8.515312601
81.10834167,9504.615721,7.720124763,9.447362588,1170.048529,16.10649786
604.1723981,7884.815643,0.271674212,7.365352283,3477.153815,20.92017241
436.3086888,985.1689229,0.652045913,8.829938248,1204.997472,3.749014764
231.6286174,4234.04968,4.639313768,2.026326341,3145.384341,9.530351837
44.4908452,8803.271245,9.092202059,5.875858711,3748.037422,9.201192924
217.6876252,9452.847021,5.38701798,7.011395944,1132.63375,23.30097627
227.6283254,4727.274961,4.97812508,6.801118854,346.7193393,14.96325651
510.7243248,6172.772753,1.054737,4.081516909,698.3200278,29.45929876
446.2902299,1753.636066,6.567801047,0.153948917,3049.684988,17.64895203
621.0489198,9912.569399,8.221031606,5.829260568,4254.759711,33.85590768
330.5504476,2393.549844,3.804200075,2.531015392,272.7342651,19.06706229
83.71597216,9433.044564,7.756118509,4.502542461,3684.048732,13.43654868
499.2713511,6531.501825,9.644766539,9.575810151,1739.527297,26.0490403
532.549534,6116.594269,2.037664591,3.990353176,2418.715431,24.49231023
392.8940383,5175.616259,5.233296312,8.398016067,4647.854772,3.8222097
539.677026,2383.631136,2.871379581,1.885406057,1693.258948,22.35832794
345.6569175,1847.627517,7.92854419,6.72460498,2353.417823,7.860902111
365.9129806,2282.81347,5.775933659,9.770069544,117.7279531,12.03893609
299.2787129,1945.738795,6.345824176,1.018931009,453.913664,20.69235055
17.79338872,7817.886288,7.979141596,0.083199422,1330.028376,22.84151848
75.5239989,3566.240066,3.959704727,4.335827926,187.8685921,8.856831443
445.4872879,9694.116038,5.330288672,7.483843497,2160.671866,28.7894384
220.0491868,8849.480261,1.579548228,9.145486638,2763.318754,8.362423342
355.9994838,9284.747604,6.958991182,4.340209727,914.5035702,35.25965205
635.2965317,9949.587444,7.932613504,2.587116422,1514.863546,50.09344752
287.2680461,4022.795987,8.57179257,7.234478179,4828.248482,0.775559033
528.885797,7606.560909,9.061432548,0.090541616,299.5630293,49.41030444
160.1587158,6990.604119,2.769044874,5.894539895,4457.402388,0.43808074
202.826017,8176.747937,1.40711528,6.376882469,2841.401855,9.610597586
650.7883566,2315.794387,1.842248392,7.140527234,393.5007252,23.23787018
565.6842657,5416.046787,8.9398971,0.913914863,494.8904161,43.37319149
443.3826296,5970.105355,6.542925523,1.992703365,3024.514428,25.38318885
610.0224131,5842.853458,1.521042832,8.774700467,1737.744929,22.15896377
562.5704538,1005.71969,4.403234184,7.387231507,4590.47693,1.584940737
130.5990412,8786.86254,6.152980251,0.13745554,2062.62316,25.26056242
624.7912989,2729.440422,0.83464085,2.483762604,759.2432206,27.67239507
377.5395693,1382.197721,8.824163684,2.14406483,3587.858226,10.8923951
565.2081086,8898.605991,8.036035354,2.70806328,1502.099436,44.43526232
627.2639099,9560.949832,5.052067736,2.475597703,2651.078021,41.51947267
222.6024325,8635.063411,9.671266153,0.625262957,3504.272288,25.84404534
77.03634717,8114.20914,4.177609793,4.589405166,4506.30735,2.855353227
159.5546138,6586.895608,9.84110319,7.327334748,3971.346414,6.270009309
298.975452,5553.487969,6.679199988,6.067317247,3397.987286,10.68322855
572.6103361,961.1689231,6.346712733,6.728716686,3414.184253,9.540265978
602.5114083,4143.686809,1.659548953,0.811491785,4732.326988,17.69413784
357.5231118,2671.562459,4.274896879,8.384918338,55.50486627,13.47682513
292.1877022,7261.859126,1.622334058,8.050903185,1396.175069,14.63825691
155.4754673,5009.169777,0.1260752,8.22983805,1128.562329,2.453227565
236.33062,2279.813699,5.273996221,5.442539661,3186.872419,0.190686445
660.0367927,6864.26176,7.193536224,2.002820179,2987.633844,37.6867161
226.2420524,853.695509,8.90258053,6.167836079,130.4050439,10.95953297
363.1534352,8526.948449,0.794065846,7.428814937,3657.45137,11.90212774
492.1132712,5001.950617,7.314964903,7.379173934,1651.475542,23.23574715
254.5407217,4857.807116,1.874119441,5.214490242,3342.027146,3.737681356
680.2474579,5964.837068,8.581770532,0.684587193,2805.063221,40.40019201
673.7131065,8264.341563,8.190635139,3.711129384,1746.518081,45.17214149
176.2476071,3543.311158,5.40793755,9.207666085,716.1525222,5.143575105
348.0739541,6812.35991,7.102427986,5.844489098,517.3735434,28.21455512
210.6148169,5700.746444,3.143501132,5.383319433,4166.015749,1.682674391
25.82086315,8798.436865,8.216368977,3.684489199,3266.450831,12.72653244
426.6950338,7994.517614,4.592651972,8.953460892,561.9988686,27.18768921
351.8753163,6618.673163,3.577982653,6.664630475,2040.034724,17.04795165
36.03512587,8520.759118,4.942124473,7.873870268,3658.249041,1.344583242
195.052525,8686.21259,8.282492524,4.543454231,3910.113376,15.90178308
635.7861202,7112.793469,3.352080474,6.302472195,635.1821803,36.38760371
167.6933235,8386.431951,1.737615931,2.483836087,50.15205828,25.96419016
101.4264105,7004.967471,7.120140203,7.054608303,3575.078377,4.09717908
342.6169322,6833.39364,8.259782127,4.276013337,1815.151071,26.35222475
689.9553179,6224.252644,1.006374785,4.425455148,1309.682592,34.25960693
169.4386901,7551.894732,2.398741128,6.493223246,113.8424755,18.34493133
470.4948832,1670.190542,1.419719898,9.362806215,2724.482063,0.8171251
533.1337307,8820.620516,3.479414116,0.640063466,4263.19614,30.36667411
166.3462808,8731.250925,4.503509789,8.247432373,4790.276649,1.928508264
509.751444,389.548102,7.48826337,2.923831104,2850.437506,14.5211274
257.4481929,8275.585831,6.511475849,4.439194545,2596.583572,21.1888083
442.6140814,1375.811688,6.209285675,0.219133288,471.0291082,26.40517345
443.4707975,3417.676657,3.523749466,3.010460778,2766.920368,15.49045979
375.0422789,7460.731737,8.414475531,5.026312426,1930.896441,27.87649099
584.7117469,8197.873539,9.79104938,4.910957294,1974.195422,40.08159047
224.5460455,8338.128362,6.341421383,9.271106289,1239.480661,17.94556216
130.5629573,5123.930564,1.262647416,1.053932181,520.0781124,16.00681842
413.6250602,2941.677518,3.251040154,4.096710534,528.3919297,20.07338873
474.2950533,6207.576492,6.863271967,6.551737145,925.6399066,29.17897871
11.61148025,9813.743162,0.696411482,2.60236598,4937.313985,2.075599346
358.4651408,6354.953917,1.748814372,1.594922625,2248.312607,21.61335655
158.5470426,2672.055453,8.557372589,1.604626143,2682.765244,8.894384285
451.6209533,6376.656461,2.27179557,0.704919456,4374.411717,19.01359438
122.0565003,5445.855259,8.370411252,1.856467049,4978.066057,4.519077467
483.6564167,7820.469412,2.792760885,6.64219385,2934.436524,21.37102969
655.7109921,7634.176235,6.941505735,8.141256856,1668.35807,35.24352842
96.2646609,5458.539129,5.126547531,6.851343099,1563.432589,6.367778672
238.7464457,9633.620838,3.053106767,1.104318634,2043.383419,27.53913777
647.2855328,6362.956742,0.331893546,3.098068753,3426.848862,25.62559537
614.1375474,9327.078245,3.039464012,2.499569464,1610.435202,42.48624522
180.5591394,1114.846307,6.531627905,5.150056597,709.3891245,6.494351111
461.9888322,9378.562024,9.383048184,5.355538149,3180.36147,31.87422152
572.0555401,6910.068651,8.712044823,3.568859752,685.2130178,42.40974076
388.6405681,771.5868851,7.660647765,3.537891587,2913.537916,9.284650282
370.7554048,3079.539313,7.884473433,8.285555979,3482.439534,5.114746961
169.2966036,7110.903678,6.649849035,7.892928483,3518.026907,5.771176602
628.0510306,5863.487556,9.071950307,9.137884439,4370.654137,19.45769873
630.29264,3524.242264,6.707323119,9.52815017,2524.79701,18.1390572
443.1710201,6247.063626,5.60440631,3.26742542,3664.733488,20.65503701
244.4467022,8728.214381,4.470555438,5.056341534,973.867702,25.28739552
508.1689752,9737.540795,4.603582712,9.411208125,177.1637421,35.90063791
627.977182,9691.890767,8.645636095,8.763194331,1458.479859,40.80995988
620.960497,7521.553134,5.466482202,1.025679626,2243.016846,40.37237094
545.9128821,1387.853777,3.80400549,3.927307433,3104.674425,12.36024746
449.4221523,7606.80564,9.768003285,5.533711897,4257.298686,22.71620418
113.1400999,319.0231601,4.225484283,1.938630679,671.47146,4.278071747
628.987932,3303.74117,0.420246752,8.588167712,4819.22574,3.477070804
424.5003418,4937.567585,7.399041208,6.76940783,584.8205689,25.44243794
6.437936132,7727.033436,9.180765522,8.379083749,2418.530797,6.53151185
464.4512384,4514.436793,8.583416768,7.483558537,2729.803383,17.63001049
3.543108692,2808.903996,2.922182305,4.392106012,475.8591773,1.604694082
112.565636,9971.532552,9.107701616,6.10546755,332.2832243,28.37344032
384.1136526,4319.194892,7.539619036,1.603654061,572.1429659,30.10556699
484.3266384,4568.731541,8.049067768,6.736454175,2948.659035,18.32843515
456.3728817,1719.87583,0.180065556,1.792532557,2744.507194,10.3717653
156.9885166,7968.614533,9.628103571,6.939495905,1207.016921,21.04040765
498.5254549,6967.454035,7.266709921,2.295981608,3206.982002,29.77882123
227.7797887,915.5723516,8.293946649,1.652844901,255.8158512,16.84233772
522.5439836,6836.943091,2.815211984,0.019921352,2515.743221,32.20945695
454.7430293,6579.661021,8.727538396,7.187396179,3462.08654,20.03623749
594.4563873,2805.269317,1.125803904,7.324010491,1298.944039,17.43388762
460.3290246,9513.549266,7.036859775,5.149333499,1573.465981,36.53125554
397.8160223,1595.473129,5.406984766,1.613628011,3087.50762,11.67445319
257.4010621,9441.79761,2.418938283,0.191289664,4059.12588,20.53146838
185.6416574,4255.300438,0.124040363,1.65748177,2936.494585,4.486161494
170.7927504,6421.406882,4.687679655,8.90855535,3664.597503,0.039663124
681.1073883,4036.18454,3.012652608,2.415368417,1855.871228,31.24689306
275.1684073,2814.730503,5.983574843,3.542713272,3222.779364,6.608145476
624.4325886,9841.378715,2.972378077,1.053454845,2357.598876,43.32664375
441.7970382,4152.406663,2.999191115,2.223613047,990.1838755,25.01821148
556.3679125,8951.582116,7.431931987,5.192245708,3523.604456,31.77244
351.8459652,2376.550598,0.48142836,6.077526831,2804.499955,1.167627583
403.8327192,2209.73657,9.028949952,2.453523142,1825.176831,20.87941588
344.7623857,408.2274206,8.522638744,0.577321592,4561.128991,5.208239758
136.6700915,6551.501571,6.678046832,3.910328691,153.6238832,22.43410182
505.7164807,3748.410803,5.932215701,2.342033709,1613.077099,27.01144721
196.5406537,8657.146673,8.923024981,2.195539232,331.562919,34.36950201
451.8306071,9685.114936,0.789691622,6.163004859,3525.431898,21.02041296
658.321009,8699.369363,7.945782787,4.157751035,3394.531366,38.09321171
667.7500039,7788.308843,0.346702667,4.289443334,2009.88927,33.96161
640.4050732,7732.126262,5.828068351,5.409050038,3793.456268,29.31691558
259.1110902,8463.353958,9.954375162,6.96429807,2298.209131,22.57823744
10.81963157,7634.13751,8.556960938,7.021460962,2090.784653,9.210673156
649.8229938,6299.581184,5.21445689,1.716939077,4676.913082,27.52990579
299.7289038,1399.324289,0.636409093,5.001127521,1291.851544,4.311146806
676.6583733,422.009177,8.313735144,4.11958095,646.214333,29.6041739
674.533984,9216.393693,5.989785082,8.705269663,2943.488411,33.10751049
597.1066188,6204.838114,1.149329971,6.314189212,4848.142971,13.38785322
206.1142244,7985.719181,0.938572848,5.325040664,1920.304108,14.06756013
269.56841,4867.07128,9.096268194,1.153946422,357.08198,29.6576307
595.7956701,1261.351071,6.692002629,6.056378893,1729.561073,19.37666782
221.8454036,1339.339343,8.292867993,1.172039057,2554.361689,9.173371164
118.6449227,6887.096344,8.789789003,3.372065756,851.5188828,22.6281381
389.7608837,4360.02836,5.71772352,1.428419648,3307.605979,17.9487789
655.3083419,2085.194794,5.174463518,6.92073647,4988.859476,8.13555112
487.2208577,4966.786013,4.304274103,2.062521138,2286.110406,25.3639097
399.0428191,735.668477,3.169465878,3.918593732,1805.906356,9.008956152
68.02354564,5861.516879,4.345959609,8.956747776,2033.485626,0.345982451
430.5050587,2763.034704,7.738796557,2.043163834,619.9735831,27.55196003
693.0376951,7995.835096,6.01923431,5.07805064,4422.204327,30.40454429
98.05881067,3172.583393,8.9252329,4.192716612,2103.386995,6.356588943
362.8307567,4606.679476,4.433800144,0.18124041,1967.008337,23.36049444
614.1611503,215.0433451,6.070895787,7.927581136,3315.466851,7.7764572
518.5380324,817.2241892,6.313075531,0.690459063,2238.065434,20.59124421
487.9110187,3985.686208,5.916971623,4.74255021,3258.755671,16.64281138
491.7388588,4851.394464,7.026337731,5.606782949,354.1591361,30.40253544
251.6438059,6040.203426,2.374334684,6.284264566,4077.930551,2.521458731
566.5528088,6980.320673,1.042248028,2.532723835,3261.388661,25.92924398
567.0793763,8615.211732,3.845113276,0.099787767,4775.101348,30.43645741
606.950623,7820.52479,4.876670686,7.234436624,799.5899561,36.39013746
639.2683868,492.2263709,6.522242595,5.356565993,2413.210138,17.46233556
357.9396792,4857.018778,9.505310526,8.361177032,3028.943333,12.33059056
558.8066253,2496.245657,7.435939162,8.433261678,2037.235806,16.82657293
454.9747515,9867.959673,5.062660595,4.8509466,1723.517826,35.0609865
491.3768141,1510.705875,6.341040314,3.336283958,677.7789116,23.46126973
557.0548686,5038.992719,0.709322161,7.915582026,1989.12513,17.35071048
623.0037393,6219.74177,2.543915808,4.51294113,855.1710348,34.60333465
236.5966098,7054.403208,3.618530932,1.834421964,3685.110099,13.90232032
262.9080668,5640.521967,4.72493355,8.549740196,1083.713131,12.93426423
404.7960987,3331.966952,1.400240976,4.663097561,2784.212382,8.947066714
25.15959166,5225.34527,2.768143078,0.756997273,2996.387177,3.788729848
325.9186127,969.8783415,9.715326909,3.878260899,4365.969653,2.826693345
379.8512443,3571.206619,3.313470071,8.035376595,2906.058981,4.843524842
413.5832824,877.9271218,1.960977127,2.034727425,4024.908814,2.729066357
21.35017496,4029.540434,6.107800711,0.66973612,2724.380521,5.194533029
575.8203925,5718.654398,2.069925784,3.89404939,2850.960274,23.79966342
252.133449,6925.703194,5.165726284,5.417609643,4544.6918,6.98052185
88.94235886,8025.808321,0.055057992,9.680658121,2011.747496,1.363417008
365.570282,2081.487418,0.076640326,0.665647279,1516.812719,13.88193488
538.9954872,1758.077564,2.190688091,6.483180075,760.1738122,16.92022323
151.0747192,1135.221619,0.367213625,0.741054226,799.6553336,5.369695825
436.0233331,6400.65947,1.080257541,3.754689285,2192.218847,21.36771118
36.17720482,412.7028338,8.025856796,4.334722328,449.0462556,2.309797002
371.9482421,9368.501238,5.720486434,9.971823539,4700.864516,11.3211851
446.200931,5458.833719,2.934888232,3.211621526,2953.788396,19.0722837
508.2639336,7119.699143,9.317537194,2.201113259,4150.771421,28.99476949
683.0964556,8722.594325,3.970150412,3.505205343,446.9244462,48.00669281
361.4102438,7169.460628,0.870927668,3.725332738,2410.352445,19.0541808
226.0695311,8037.108022,6.170665161,0.687136777,3168.960978,22.24558033
556.6303363,3460.556906,1.138383935,3.695741994,4151.831885,11.49442151
189.5825759,8166.768626,3.452231428,4.642385197,3928.174322,9.317845446
307.2799945,893.1369792,5.074119387,7.227377522,1421.492786,3.949067028
54.91946694,8958.684895,8.742225247,6.567294847,4707.356839,4.812259297
17.74552039,5521.164524,4.935465803,7.087656552,665.5119151,6.205366927
673.8538903,8191.247923,7.02258766,0.083636819,4381.911412,38.72705903
585.1860844,4577.951017,9.92816839,2.176673996,4856.154236,23.76282161
487.1819443,6471.419182,1.314891199,6.616842884,926.90994,24.73976125
286.2670611,5311.386343,2.747315255,4.839893682,3624.227018,6.537620852
121.306024,7342.736265,3.945760756,0.053134757,249.413318,26.42407561
384.4586653,2546.322017,9.076110026,5.48419163,2924.193868,11.99565209
500.2171459,1679.492333,7.140326445,0.664633258,4682.889379,13.04842756
462.1381637,8730.657309,6.079052141,7.665150495,3377.640902,22.70332736
668.4056965,9761.066033,8.237903842,7.819599772,4057.89143,33.32556197
516.5278417,3435.268339,9.550605115,7.517469924,4755.137464,9.978928721
388.0478368,1902.967365,8.211982826,8.03002072,159.227436,16.91808199
428.2045224,7918.015221,0.015651052,5.180080664,4913.480298,10.7382693
293.7200437,6621.206977,6.364013702,1.403245182,476.3540884,31.49474889
249.1808751,5598.099154,2.576072203,6.204737851,1437.657025,12.19276557
530.4922773,7220.097605,0.595247003,7.422531872,704.2893059,27.4299193
10.07544204,2361.701939,6.037954529,1.698810061,2227.285417,0.916657279
81.25084835,9963.705769,6.865899135,1.949751999,3237.585068,19.3823745
32.20184942,9750.452305,1.144876381,8.904095172,1935.711633,5.802097115
28.51016162,6538.224295,3.83838883,7.499777985,320.098771,8.875751576
598.8224088,2075.470264,4.56236509,9.082284887,3017.332641,9.722100375
492.5605016,6834.2596,3.690530218,7.587153212,4516.896217,12.43760031
331.9216804,814.7642489,1.210250005,5.97155306,1946.916061,0.727381664
344.1311126,2651.060596,7.511780478,8.891279239,2240.757862,6.587957914
331.4302395,4679.967272,0.710076645,5.788067545,289.3954197,16.77446495
121.2413089,8695.897804,0.801800141,6.323913243,4111.413543,1.806076709
303.6961545,7298.973791,3.547712918,1.56476716,4140.387014,15.90199808
278.9533141,7452.79456,9.417257116,4.739212201,2960.602294,21.05315807
431.0950686,4312.384011,6.685726467,7.16397112,1797.8593,18.00479556
444.5655556,3524.756426,6.786699567,2.709426983,4008.927654,14.55154907
31.71280684,3773.283754,3.619199908,2.022541805,2795.700773,0.194913787
262.2288302,9877.730681,5.936607912,3.138268082,4138.364927,20.60845122
438.101941,497.080995,0.10131184,2.41500628,3175.721023,3.794418286
352.195381,8683.611812,6.360960464,2.14912637,3932.807092,24.20915983
599.5428888,5828.886545,9.132869476,4.248508429,3012.886816,30.97547116
461.0855421,4442.29265,6.125734683,9.078385139,2099.998288,14.9747044
114.054099,7280.050838,8.736985935,5.070596467,4791.832007,5.051923115
49.39812318,4918.02252,7.239730555,1.879203808,2728.513433,7.918989832
449.6934947,8746.890057,1.205584164,0.769716694,3045.193117,29.01004014
18.55791738,9016.948454,9.024533073,6.961561451,1141.413815,17.35424609
410.0429069,4275.037176,0.664438444,3.827987644,3146.971408,10.59543172
658.161169,2840.595193,5.339674725,8.218309466,2879.457865,16.80277429
402.8319245,5964.268253,1.421371238,6.595107686,964.9500698,19.8438054
271.7189483,9132.397122,0.117066107,7.962414505,344.9561319,21.26971041
450.3017529,2185.555671,4.220342601,2.719460394,3041.578633,12.73737321
320.7770233,6267.369177,2.950407077,6.923589225,3830.276733,6.659925964
381.9317525,6352.446179,4.860004938,2.640619847,2640.836786,22.58534715
659.0253661,7357.818922,5.771998867,9.390684795,1172.524495,33.63436526
672.8333947,7186.66715,1.230032951,3.245118002,446.5233467,41.37864735
633.7454494,9099.421955,5.586423965,2.695118623,2237.076839,42.50451282
137.0537944,1878.862778,3.431673532,1.909265851,858.6654541,7.704003928
48.55291061,2451.678917,7.291734875,6.946409589,963.0723027,1.229867599
70.54460096,9716.811431,6.522916486,2.18715613,1051.355048,26.35213072
66.11007253,8558.412424,6.924928267,2.646350269,303.1935178,25.97194868
478.1047414,4973.550779,4.299310774,6.619689448,2019.077533,19.21754662
223.2829412,8720.424023,2.753811743,7.780252431,2442.306711,12.68453522
591.4127177,4508.522025,3.063134988,7.608513309,1944.781297,20.48880423
16.29035502,5196.691804,7.889851599,1.877224057,4203.77571,1.948800256
570.1279378,3656.410357,4.464195164,0.88384947,769.3671275,33.63603282
197.2983423,5970.213429,7.983803405,6.989488285,2553.198882,10.66795227
82.71537934,1718.886339,8.224223737,3.683472138,357.1050139,9.112756149
487.7160158,3971.707213,8.575623377,4.323462264,402.2206104,31.31293053
440.2599927,9697.181991,9.166352358,0.311490928,2890.635956,40.24781252
614.2304095,2655.520984,4.309852205,2.595764493,2851.791203,21.97200352
514.5497307,6601.692979,3.188668183,0.336764039,4396.265889,23.65482233
562.4366513,3319.381636,5.821987466,8.791857726,2811.474695,13.7911841
197.4242008,7757.383944,3.711724234,2.433966832,4800.965551,8.71140882
124.2076806,1395.649241,6.010741668,5.573371696,291.0394996,5.298835542
525.4303261,9701.228346,7.055858626,0.389793207,535.1380397,51.10213007
564.7843175,4592.51646,6.884050185,6.668473913,268.1260148,31.49516858
693.3535994,2436.899587,3.74552887,3.230273458,967.1204092,30.83904028
543.4890725,5245.762091,1.425941441,3.252906184,275.6465318,31.85079009
651.5301279,8305.945322,3.458774607,9.961576735,4218.718614,20.32911812
600.8889263,4365.786484,1.544597472,8.254156641,1518.231787,19.75728413
300.2958192,2562.271299,0.254477599,8.448713478,432.0782746,5.128593352
525.6097475,6209.735367,6.458223863,2.490087361,890.9410124,37.20979922
528.1800119,7097.094447,6.369023175,5.767023989,678.3748481,35.38401014
72.18670819,1753.714888,3.406041666,0.67255914,660.2547075,7.234187412
631.7870347,1759.430241,0.717118888,0.949179368,2616.880359,20.3009912
353.6766607,463.0471266,4.096288949,9.98892612,1266.94484,0.360309397
578.5202263,7390.379949,3.112174951,3.266392494,1822.791597,34.19109368
224.0347207,6671.664823,6.771206397,7.48183912,4948.0514,2.036892205
626.8662599,4798.84567,6.057792495,8.06665053,3437.355532,19.0712056
272.4411751,8457.287445,3.645937282,8.58023271,4747.454302,4.605039983
7.586356036,8076.134514,2.178925543,9.976282974,755.6549474,4.707347122
633.7673835,5895.008208,9.880359662,2.414964853,1941.5904,40.39053059
63.90067375,8695.885677,4.540016212,0.403508269,2795.922426,17.2293786
223.5195463,2137.827979,6.882742358,4.11191518,429.9524063,13.91903904
665.0433769,1208.004232,1.405529676,1.300806698,70.72784596,30.69327784
665.4250029,2770.521154,4.855896997,0.224258892,3368.649952,26.48942614
401.4065217,665.1598753,0.275367199,3.604268271,3227.006608,0.826974691
442.2860485,5358.578327,5.054551179,7.837382511,2083.404609,17.31642116
313.9118654,9372.396354,9.640174071,5.661806912,2473.738176,28.13686754
205.2475402,489.5010526,3.84206713,3.127779892,2106.442853,0.744701662
230.0651818,1308.888149,0.389960126,6.543420055,168.824972,3.031686888
470.7629193,4576.77038,0.309557909,2.320181803,1710.089451,21.60640703
526.6621706,9345.362674,3.879867599,0.143814461,926.5571642,45.89255982
554.1053306,3229.945439,1.600249365,7.643533864,537.1997361,19.80838453
552.7327,5121.624606,0.233520963,6.237430849,4785.766148,8.226915898
346.0942133,1568.59769,4.585230089,0.389380167,3656.848607,8.127868776
40.29113201,9867.638217,2.89244772,8.371196278,1611.050529,10.28730953
384.6702176,9654.675095,9.00083183,6.195262,1996.078291,32.34617987
309.071351,148.9058113,1.161389602,5.633953507,1222.77377,1.437543831
621.3929279,9522.936676,9.55918829,6.246140481,529.9800713,48.50852445
245.6405088,6427.287384,3.139667174,8.644332469,936.2066053,13.02401089
81.9469115,8692.391116,8.884036723,5.869365066,3997.694524,9.33219931
533.0574422,5204.400683,8.267073597,9.906791571,2757.297936,18.23401516
432.7526443,4939.581145,9.840131632,7.567301671,2401.694871,19.7778944
58.87476428,1482.547422,9.611354854,7.07397,410.0379915,3.589820626
490.678392,396.7385397,3.894818949,3.892304717,1438.974026,14.32138606
50.93410445,3148.506422,3.855119047,2.288754625,1782.192375,3.347373855
575.3020415,7076.339551,3.403871043,5.968518769,3923.00777,21.10571246
56.94414645,6766.98109,1.541450432,9.2913952,1241.319048,1.996997583
59.38639986,9702.129256,5.537114854,3.419052781,4377.821304,9.69770503
690.647705,1029.617086,5.417048124,5.276774662,4161.582664,13.02878555
261.989557,6758.76097,7.619018126,2.116358986,1162.054118,27.92128947
259.4495029,4493.127171,8.336499619,9.956311095,2026.696272,7.647330229
568.9596971,8694.608318,4.404413503,9.811179079,2077.880703,27.49662989
663.0740042,1853.782916,3.023332494,6.495089297,4892.192309,6.763843921
690.2007447,6956.996927,2.593348973,8.044140597,945.4149118,33.71800266
527.3647297,8397.341368,1.946238367,7.151001613,4005.831957,18.7911071
263.3817099,9451.680773,0.576475822,5.93158219,1704.253935,19.77907629
58.45050169,6864.15548,3.424479788,0.53347997,3667.808212,7.618437188
544.0028411,5022.030164,2.702476921,4.547643426,2129.054471,23.23427678
390.8829748,6216.687678,9.664173859,6.747863022,2912.880827,20.1847027
296.9554065,8702.159346,5.577088263,6.775316139,4171.428278,13.21045959
634.4480696,5749.036492,3.47277039,3.731226184,4030.619547,23.31667571
344.837573,9316.392086,1.391967013,1.673570322,345.1057605,35.57092183
7.947551337,6926.314835,4.440437492,5.003594462,3475.650238,0.68884128
328.0624494,6797.482519,6.262343214,6.908839766,742.9375148,23.98085906
83.17254139,6622.966155,4.017788007,6.486389568,2765.512655,3.348105913
82.26837274,3999.257616,9.938483889,2.752882135,2043.560449,11.15885033
454.4472115,6547.206473,8.803147621,1.562065687,2622.077795,31.81606316
522.2314155,1155.271,6.234059582,6.359403268,4982.805229,2.033257643
408.3581356,6612.668516,5.693773612,5.993021161,719.3257029,27.8596733
673.5207839,9994.195885,6.206604798,1.793560103,3393.507424,43.79290111
199.9984604,9774.024424,3.951377433,4.551719917,708.3985046,27.29662719
608.0193897,4128.388811,0.394595329,6.677605916,835.7469787,23.41414441
156.517087,8720.459158,4.755460375,8.373670798,4748.901876,1.708369726
674.2557776,7845.616292,5.43024584,1.697284286,4404.027409,33.77892669
678.9151787,7410.647172,9.640288472,7.791025864,4958.08724,25.74438344
30.21193837,8797.304057,9.094546109,6.096974252,1081.161181,18.91249751
623.8001796,4100.989184,7.221432355,6.996395696,1809.42472,26.4759063
369.3907764,3337.628299,5.333866288,8.38154975,3362.634198,3.486108892
695.0753573,6709.174517,8.699691596,8.028109348,2444.822572,33.44011746
51.65759531,8097.674825,1.306523438,9.609201469,2121.02819,0.866692479
387.6979991,7646.622834,7.905097943,5.359350789,1821.165684,28.31359464
678.5117749,7998.355124,1.24820814,4.884956327,2989.214128,31.03888102
366.1684909,4412.274817,7.942106625,4.018871999,2899.187472,17.04067111
440.5790467,8196.55874,2.757675683,1.536910428,849.2162786,36.42880092
487.0240823,1290.069648,8.77090581,5.726072329,2385.112196,14.73898332
318.1787453,5490.44207,9.440420938,2.770125243,2789.685292,21.48882902
409.0200183,3313.399716,4.626756051,5.831908043,1090.030605,17.33170021
630.8106073,3727.969195,9.809873782,5.928401805,3724.243392,22.37496081
31.81246624,4022.109647,4.83407436,3.549246609,174.7355194,10.2299279
196.6742327,6985.125346,8.635475225,0.51989352,1806.417685,26.52167326
665.2880389,3946.725203,5.887315221,0.317437654,3912.05261,28.14210583
623.1846487,4542.066864,3.753299079,4.233351442,2841.269959,24.10127276
318.9597269,2451.686896,2.857835555,0.845653781,1342.754041,16.01725854
434.0928185,3795.192737,2.032230911,6.068469555,3490.017941,7.061414592
324.5888835,6074.141074,5.112754622,6.590454101,3688.374672,9.569879618
247.3465596,6715.306706,4.9232548,2.112318315,3070.034214,16.86347408
408.5592783,6232.954425,5.772790292,8.629968314,2466.479493,16.05398927
54.41424588,4688.591034,8.655771456,8.860934353,709.2515221,6.580880531
682.0763654,3859.879224,9.807393436,1.96653585,1343.598439,40.3647382
690.3475211,8647.003131,4.075842086,7.374260858,2124.542391,35.7201114
488.7131998,5238.909673,8.275189221,2.865195489,3016.531471,25.95339571
375.2674564,4843.900589,7.645277947,8.026403124,2592.853883,13.42690019
569.6565138,3478.353493,9.560471436,0.300260053,81.99857106,41.8918214
479.3118208,3863.936626,2.004745155,8.973658658,2506.384148,8.720497316
113.8318575,4048.345531,1.092642103,6.226305336,1463.848643,0.897161533
637.6490291,5843.706455,8.53961967,9.733826192,3686.311089,21.1307177
575.77607,5382.665213,4.391498166,4.650095175,168.5340131,34.87499967
664.8599393,6118.260419,8.469688542,8.473879306,2944.897666,27.76892737
508.0036559,7672.344289,8.930902052,0.623940686,4710.297476,30.1062471
429.3906372,8148.558813,0.624575936,3.352790501,913.3258722,30.71593961
292.7701254,7209.418455,8.83464763,0.670165378,2384.664979,28.86157687
652.9099383,9559.68459,4.483190554,9.753431335,502.5388595,39.72395409
606.2447227,280.5025685,5.10432489,8.169739073,3147.125466,6.944387524
263.5243568,6509.99967,0.191160944,0.851034861,2630.816256,15.96024381
567.3873315,8990.502435,4.768434683,3.855975925,4488.044559,27.82514857
691.0932905,2510.474736,6.877220424,0.71034889,1021.656796,37.61954062
105.2918238,9277.641993,7.227069577,2.107931016,161.6943329,31.12500744
415.8915007,696.6471639,6.925324315,2.29365777,4315.241179,5.789412313
266.6235996,9350.916665,1.344351294,4.69107211,2906.729558,17.48484226
678.9400785,3581.064604,2.993955884,2.685621675,4458.759355,19.1805794
589.4832462,1104.066202,3.587155254,1.009781068,3004.878856,18.07670143
586.8300933,4910.130416,8.044372077,1.674910891,4060.297395,26.71600334
328.0852119,2642.08802,2.787598724,1.472755636,2176.883149,12.53694752
605.3056634,5437.696639,9.978208557,4.397404865,944.8864953,39.13846816
569.0307064,3181.946222,6.768212989,2.783684817,1380.548194,29.41238881
699.8023713,6142.304455,8.284692994,7.982931972,1033.290656,37.52442375
697.645786,7189.891675,2.946193963,3.26253918,1271.942287,40.83845035
388.8021939,2798.977607,0.143152777,2.993833737,1566.756474,13.04577146
538.2911906,4194.136105,7.378695186,2.325059922,2797.912244,26.25441904
661.3360109,1306.672324,8.34144597,1.296789782,2960.558566,26.16367974
594.7531735,1893.37856,7.40476132,2.56463061,2161.173749,25.13598853
173.1436712,6843.066754,1.428502873,3.553197485,3096.33286,8.241485143
315.3808947,1896.239642,7.534279223,6.739942081,453.7958818,13.86610574
90.41159061,5299.117498,7.689227821,0.625648422,484.5517734,21.93512429
667.8357191,7119.557991,6.585405157,2.105069397,900.5558288,46.24600354
424.3222441,1158.081539,7.661159328,8.090236403,2614.483615,6.148313143
160.0499639,5716.390974,8.459214397,1.469219236,1109.27366,22.96855251
470.1904791,2639.971559,6.136041142,3.426451465,1452.257797,21.93828218
432.6897683,9632.976065,0.88604714,8.646589219,2031.548539,22.41625653
250.7139026,4887.101903,4.876278097,1.549253111,4068.737314,9.240085471
79.49031454,8079.326243,0.776493347,0.827368356,118.6175728,22.66601389
470.1012369,5547.242767,4.07543031,4.845379951,3264.42516,17.76496253
364.2153906,529.7840753,4.071064891,3.024195113,3360.938829,3.024708123
540.6228742,6368.198618,0.660098441,5.634083645,4003.346113,15.28563682
364.1144508,9518.893088,3.48820534,8.038048905,4667.127048,12.16476154
596.5270502,6055.957019,1.109980988,1.371484882,149.6823523,39.15936181
386.3347871,8209.969708,8.0823521,5.806990846,811.2293423,33.2090779
392.6565801,8853.643987,9.47688026,5.055087604,4436.547906,23.11030635
613.6575219,2357.989742,0.723164753,1.44078786,2319.666883,21.47789787
282.4380063,2199.243915,9.551152073,6.239984855,2844.723663,6.414875913
93.81065992,6148.71179,5.225765993,2.736404179,3331.984658,7.185457419
528.596079,8414.626898,0.768620753,0.822723243,4662.114996,24.57676082
434.2166859,9010.228922,5.006242681,4.595840572,4984.899616,19.3077422
492.8558377,3598.871655,7.945155445,3.06463468,3614.779432,19.00865788
149.0749131,2445.018534,7.070864773,8.223812112,1471.744986,1.349637843
95.46003291,7827.202601,0.502260115,0.56978727,4404.774391,5.687632414
10.18126597,2820.579752,0.729018354,4.186072749,293.643527,0.763124472
245.4112912,8243.881753,4.028732826,4.584314241,1193.850222,23.50419172
412.9423808,4295.008711,2.95290494,7.250060763,4492.059301,2.544628974
274.5708316,6708.744003,2.323843231,5.742875751,1318.147996,16.97611898
306.2324454,1045.799607,2.810044989,6.672123372,1142.222745,3.971715629
632.9110861,6276.207314,8.034827433,7.770492857,733.720201,36.25948646
243.7788269,4572.500019,9.292280536,8.622029737,4302.6032,1.027737189
359.7926424,5907.423785,4.051026945,3.138754967,2525.288383,19.4299851
548.5571089,1763.340657,9.061110021,5.380227054,3390.721355,15.34582604
277.5799476,7395.050075,3.214957012,8.401080784,1233.378601,16.06373009
435.4606902,8641.691068,4.764369863,9.89451131,3802.300084,14.98023124
603.6545961,2245.724021,2.260289978,8.89519311,3812.027448,5.154611837
664.6644366,1047.5741,6.404760422,3.714672626,1597.360223,25.54786455
102.9514367,334.0220019,9.789811152,1.951665172,2082.879033,3.778056692
648.6113376,6455.517854,6.03493096,4.893925374,1087.966873,38.2785988
344.4814052,6110.230957,3.578140841,7.416414518,4883.977065,2.956676987
180.7710718,5512.304386,6.47817446,4.925690708,3245.732756,7.634799986
686.0228027,3969.969359,8.886590803,8.382304211,1551.758441,29.43200138
344.8326658,5985.315718,5.030839508,3.614037791,3920.360019,13.67017486
443.380598,9879.07665,5.858647885,4.06804801,3473.695477,29.56151122
53.10432968,6981.931085,0.717758062,4.539899112,1998.098914,5.646241295
90.21580534,4102.755804,6.826172212,7.624469587,697.0507518,6.724545993
89.63208727,4339.176188,2.419316803,1.260020279,3374.958853,1.71876661
106.3318855,7204.21788,7.139526325,1.964192159,3660.083512,12.12052954
97.17902085,6955.117898,8.225347944,9.514448257,2896.549839,3.920086129
448.6123214,9913.434338,8.039585076,1.754916274,1073.748571,45.12204457
241.9670983,1130.685529,5.201698923,5.793144667,1595.339196,3.327357461
627.7518869,7270.95429,1.428759613,4.896244621,2165.959314,30.50159345
331.7731482,5826.030478,7.753461504,6.447452486,3243.83195,13.89088038
467.290417,2814.190599,2.714093804,2.298267258,3738.812976,11.37364967
28.60803139,8952.489659,1.33828363,6.616672596,1382.349776,9.491158266
118.2545442,1999.486515,6.295576969,1.412235434,1033.226489,10.11108604
62.09177363,3614.463428,3.175867953,2.786430631,1882.649319,3.162859311
322.5451376,5238.69193,5.111291392,1.828377799,4490.126682,11.32831083
254.9889027,8023.529427,2.761695578,2.857075677,954.9262733,25.64329637
483.27638,5446.117955,0.626896216,9.699265253,1914.54838,12.74694456
27.51849789,8812.782967,8.393384924,5.712604699,1729.241273,16.1188344
559.5872792,6543.685954,0.038199227,1.430011227,359.03507,36.79856896
439.5302726,5376.282087,2.468238692,3.745482434,2456.559588,19.30149359
57.23132236,3310.904156,7.409040562,7.977322633,589.6173974,3.81461837
611.5050369,3396.718939,3.162701497,3.673907287,1280.272114,27.22990818
644.6106804,6727.920856,1.018923881,0.870172183,1618.865978,37.68417585
42.7545719,9941.979676,3.602339188,5.567849109,4053.690301,5.723092305
564.3408959,5622.055832,8.427119022,7.959263871,1547.208271,28.5405681
523.7817833,7333.440051,3.133479176,1.751231401,4300.5557,24.08580011
259.330472,5666.738477,4.338174196,2.182075346,776.1408144,23.2415072
339.1660896,9580.490317,9.099431439,8.740717733,3467.098092,20.60687782
432.7783401,1835.499129,3.77318054,2.496689527,4727.86912,4.253060739
258.2395477,6931.048419,9.640784165,2.632473465,3428.57537,20.37280272
323.7743013,2089.243518,0.892895245,0.006533908,1691.503403,13.21623105
523.2296567,5404.694076,6.870192665,8.706690341,2527.867621,19.63455
176.705861,4558.672269,3.876488055,6.273289351,2577.323523,3.127048938
499.3447101,7586.016956,6.327118787,7.502657639,643.7670616,32.86359405
626.6447864,3540.95809,7.038570916,1.520485674,1594.717021,34.08757468
358.1742095,6682.626072,0.043632697,4.583235946,4021.860351,9.138225817
372.4794397,7974.954612,1.669530887,3.512193873,4314.019328,15.04595385
75.02040794,9279.060413,7.130460506,0.937765263,729.6351619,29.21808334
372.8320865,4053.227567,9.660475051,9.207396503,1677.671958,15.25027937
169.7293525,1608.918532,7.610377903,0.400591191,3328.453007,4.992090529
188.4702617,9925.586671,9.507727077,2.914609135,3771.534472,22.94093909
264.0989142,9277.309582,7.025405015,2.075409362,4069.133861,22.14755438
225.4554159,8436.129614,1.053649223,9.084345519,1598.951763,11.7840229
148.0136049,5257.483975,7.818238633,4.680690542,4299.60695,3.085925167
229.2481465,6273.498311,6.441492215,4.662994129,701.850172,22.14826668
623.3690965,7577.177163,3.600504659,1.54492204,3722.789761,32.05072388
415.5147175,1364.363488,9.567998155,4.872653541,3404.730044,9.858779994
475.3716234,8278.06954,5.004011457,4.299852141,1298.957944,34.42664489
552.419867,7842.078068,4.32729136,5.969106905,4371.563578,21.16770902
348.9095393,7116.572508,4.576996052,9.995577033,885.8493937,18.78493017
375.9745793,3100.970724,3.687071709,3.97865703,3601.451704,7.178902413
410.7887826,2704.814442,3.69813256,8.275530523,2403.60479,6.03768726
521.8076319,3665.350434,0.523550202,1.707083633,4253.035199,12.47734427
302.1616824,967.663193,7.675676285,0.304636863,1947.815848,14.79640197
89.30621196,9375.882448,4.165044319,2.044483725,882.9790131,24.83351788
198.6431341,5582.642183,8.221798868,3.404115561,4190.388853,8.823952747
254.1576075,3124.690676,8.503480011,5.105807575,2767.102677,8.480553524
452.1420689,4030.117019,2.119940547,6.151291405,986.5191723,18.39973654
399.5448133,4527.305151,6.573534822,9.106057172,3615.900793,6.892457909
249.2677081,6045.8839,4.722818042,5.098540096,2580.012511,12.55256938
690.5606742,5205.226334,8.801567379,5.012756446,3041.349262,31.72555896
424.0423735,9201.980535,2.157406792,0.502430098,2331.446774,33.25617047
166.0587542,5019.938481,6.778132003,0.349115527,4152.10947,9.312670788
71.24773083,9922.364347,6.077521223,5.511599619,4156.335443,9.044165069
107.0013974,8529.107082,2.953014776,4.381786132,3561.474668,8.042978785
112.4769613,9312.892625,6.516397605,1.606795847,4202.326616,15.39957013
130.5969168,1252.027339,7.385974581,0.249716621,3371.514254,2.252421704
199.5666181,8192.752114,3.156273438,4.490387679,3500.269622,11.45434878
121.3615167,3868.170605,6.44832604,2.374785568,1846.76506,10.37072182
627.7357972,8791.945772,3.951309076,0.496143733,4402.433803,34.48018543
56.16362196,8693.761232,7.132068833,7.245982868,3640.589421,5.842152295
367.1579727,8078.661461,1.992152749,1.11593,607.3228093,33.82096185
287.2777789,7921.301319,8.902150026,6.083195,2068.50127,23.61851055
687.6650318,3116.323477,2.874095965,2.810497502,4437.582792,18.17018575
78.42723152,901.1009022,3.677859878,1.734960504,283.6236734,5.554843749
678.6293033,1817.892698,1.115122123,8.014457762,3411.854713,9.074861371
605.8549881,6980.01578,5.158619027,3.920935769,3175.311089,29.99122424
571.9504497,3526.387293,2.675926767,7.507696492,1389.26832,19.18543911
180.5319789,9758.540989,8.354802257,1.254862968,1281.519354,33.47986767
468.0502539,8242.55758,3.790940487,2.369333249,1526.448648,34.79683657
650.5631924,1411.99426,3.373455468,6.773931299,3888.751219,9.068818969
389.7340251,8633.943374,0.193276309,5.657815548,1995.952901,22.01048661
400.1288826,9235.296186,1.24368399,9.291447172,739.3076504,24.58590378
195.9853656,4921.912996,4.136426749,3.87322518,103.0407236,18.61858139
538.6450532,6101.904084,4.928645844,0.661651888,2744.073818,31.29942094
130.930624,7671.617029,4.042897473,0.191554856,4880.105152,9.025499611
297.805507,5075.404157,5.951316749,5.247356377,1818.102053,16.25947752
355.3272651,4046.763975,0.099238211,7.752440518,1753.253508,6.802784698
169.6868127,1549.102522,4.640951595,2.344256,2626.691995,1.762847894
80.38577732,3738.590781,9.634992409,3.450837455,2231.291173,8.325153228
427.4340297,774.9058629,5.190322801,0.301038722,4405.577402,7.372321039
406.866755,1438.146263,3.118638579,6.678679067,2563.401299,3.879527082
108.0539007,9634.839605,7.739913782,9.332050878,734.9393939,19.52006036
336.7980713,5540.342405,7.729214819,2.654964074,4914.560728,12.37358487
372.8126028,9661.639395,5.212960477,6.114636112,1287.36581,31.02332453
36.27647578,4381.728995,9.760138233,6.784999683,413.1521339,10.43905877
235.6229947,3186.979718,1.255502148,3.175497003,3332.573932,1.227538554
692.9721627,1146.080374,8.071555374,8.848551177,2139.851558,18.80333028
225.6476915,6444.180515,1.202072291,7.390669759,3936.066409,0.152868653
566.9121121,2238.778007,2.65582833,2.774646797,1018.777568,24.31192625
178.2484583,6233.920753,0.175523634,2.816160421,4110.253929,2.734288814
477.0519056,6536.990815,2.933086108,9.633603204,3261.298214,12.22504715
532.1595019,1605.046046,7.731418739,0.102844959,2123.90038,25.90100069
416.9471184,707.3613084,5.179605277,7.160499732,2317.241652,4.807454559
330.103332,7829.539702,3.480955932,7.062461626,1320.403676,21.3267837
288.2886399,4652.024195,3.717392949,6.226895409,3772.965947,3.27047396
650.670401,9949.17654,2.998005276,3.118794358,1638.229987,44.52570947
581.4335855,672.0275539,6.464587416,3.399718638,3000.448073,15.96186829
675.5188375,6980.848766,9.741944438,0.789394029,4978.885538,35.04524048
87.00805644,9838.42136,8.47060827,4.427981365,2204.548284,21.33541319
511.6072326,2467.883032,0.235949646,2.610485262,4607.422434,5.986263853
656.8383198,1508.26875,8.985606047,3.433867022,1757.833358,28.72435766
126.8631463,1301.7109,7.831984133,8.345717903,320.9268993,2.720968918
518.7844545,1100.353529,4.57995759,1.85733072,2122.540959,18.28830097
402.1311792,6952.397283,3.98005293,3.725089316,1137.192897,28.45883397
589.2801437,716.6888015,3.029157288,9.286305621,51.12383918,15.94178881
556.6871183,9967.298853,2.282353635,0.923605281,4227.203086,32.76439986
141.139124,8158.305668,2.46603635,1.627909892,3724.346546,11.5713691
114.55916,6190.672438,4.840770697,5.952128341,880.6822484,12.77620857
114.9860586,3131.910846,7.474444066,1.50472271,645.7997022,15.39191224
570.2023042,6276.568779,4.738098284,9.680763815,384.6435099,28.80704208
465.6380545,5317.710493,0.578444494,4.467145273,3633.944484,12.5921415
366.1457973,4318.225501,9.57789801,5.015179604,4647.599405,9.952257477
251.1813389,1394.03273,9.427243191,2.466586158,2181.152314,11.25275105
614.0403786,8877.381731,7.851895431,4.709602524,639.7463264,46.73797689
274.7115752,4552.868023,9.913279016,6.619136326,2586.344463,12.79471996
571.6196076,2026.762867,5.444823328,7.51177137,1776.717942,16.63518486
307.394436,3740.817574,9.627683503,7.538680827,1905.383376,13.22421995
263.8611006,4199.88455,0.756050406,5.778911127,3125.58659,1.393381615
323.87585,8292.625166,3.656807483,9.04359775,3607.654661,10.2727487
210.9645119,7362.782368,2.25381268,8.174078473,597.4878144,15.05103586
523.3265661,7716.118447,1.958330841,7.570481147,226.1716425,31.41650007
162.5488866,4219.924582,6.224136416,0.068779622,1202.005327,18.82913798
629.7022013,4865.307101,7.813218557,2.124472772,316.4610983,42.51116996
268.723855,290.0035405,5.782983994,6.635235939,989.882879,4.112344062
380.4870028,2672.150767,1.469627096,4.111974889,242.8413394,17.31726215
634.5304777,7626.869249,8.111237699,4.024062593,1989.463928,40.37862455
81.8286285,5399.570301,3.881657061,8.955628481,1739.160026,0.497441209
657.8824865,2230.498533,6.741302955,9.091752641,2248.707864,17.88005258
439.3956371,219.995669,2.599049792,3.138780765,3394.154529,3.695491293
97.49045086,9761.150174,9.174858431,2.716331813,4314.156146,16.42477374
555.8176325,8035.217408,2.905045057,1.906098331,4336.876591,26.60719039
434.0509291,9599.808779,4.699882682,1.846324573,99.05794268,44.13586868
373.4227644,4929.755035,8.901411374,3.421076209,3901.329217,16.49270054
625.7248081,1186.388367,7.077213503,4.299576198,2330.631321,21.08807233
552.0180479,5524.798941,0.622032262,8.309491711,4944.760679,5.848665667
106.1724158,4598.335612,1.473030443,1.198910935,2441.998776,5.952754361
520.7624048,4933.587257,4.476734254,2.879453427,1280.594179,29.68753432
398.9227794,3314.291676,9.579341211,2.999420698,4961.071415,10.61834424
533.72108,7399.835066,5.296597239,5.960819552,4294.776508,20.54961011
613.7359457,4812.579481,2.418932941,4.338439229,531.9661243,32.11782741
239.4572241,3821.294023,5.006035712,1.644055291,3546.541384,8.169474757
574.8801133,4005.315158,6.796203327,1.165830746,1760.61895,32.65598844
77.44221587,4648.523007,0.76239218,5.466956821,84.56219631,7.16396779
592.5166042,7871.663784,2.74703815,9.024130333,2047.230797,26.09464768
89.24206363,8931.638421,8.069654909,3.439576866,1212.034388,24.21590798
278.1011034,9557.813396,4.596648704,7.330001072,4103.402889,13.00118775
558.106756,7890.343524,5.46577142,6.586613549,1719.786514,32.35142482
160.4759767,6912.53359,0.438999426,8.209810173,52.95979723,12.07132081
505.5767979,4432.270928,1.657497798,5.666052589,1573.704793,19.61185412
504.0255756,2621.239158,4.455416387,6.570304982,1243.767811,17.77908166
448.803343,8424.628636,2.091854654,8.983864666,1206.158437,24.08742448
485.7639111,480.4208547,0.499790287,3.995187846,387.5237678,14.97641892
379.9071103,9027.443722,8.436496641,3.267947059,976.2651385,38.4798581
176.2593412,4668.6269,9.811925292,0.108110836,2799.970371,17.67541657
241.9871955,6408.29462,7.93142874,8.265510742,1492.237311,15.95582974
127.1184018,6627.60383,8.537849217,8.009807004,2116.104173,10.0756631
635.9153929,8961.665633,2.419771303,1.044545181,1915.491058,42.84867022
408.3742563,6403.029853,9.606269755,5.768573811,4385.729379,16.91982
280.5959917,6177.942489,1.969257045,4.639816982,4531.230045,4.355010117
323.4040626,759.8552016,9.514298104,1.187090955,2490.13701,13.53292575
663.0983377,5232.239417,9.94819294,9.805682271,1684.271954,30.00168045
107.3459822,1586.673108,7.117228057,2.146958875,578.6634848,10.14936067
410.3608824,7400.59431,9.811437318,0.672341801,4769.344253,25.81392834
354.1220752,5170.997016,5.695397796,5.948473795,348.1233773,23.4843465
428.0179648,6834.255014,2.595417832,7.388666771,1523.368874,20.84820678
610.4867363,939.4409589,5.935609354,6.587176387,1635.986366,18.02321897
652.4827977,7191.601542,0.73081562,5.32291876,863.2198742,35.23611031
395.5932285,813.6349264,6.223432646,1.032650089,3926.649083,7.955944004
487.6555767,805.4416049,9.811778368,1.725238769,656.3644167,27.51159127
645.7495668,219.8739048,1.901076498,5.679742973,3192.787963,8.834976384
495.067044,9569.363843,7.925951163,2.963576135,663.0378322,45.96900427
106.77733,7401.332759,9.078987938,9.383157287,399.1514061,16.48714957
403.4018521,3597.188944,9.437015928,8.187402295,4551.676043,5.230831478
424.7005325,3035.702255,9.601356044,9.835672065,991.1373933,16.6740054
296.8914699,3562.061974,5.214596387,2.59670839,4115.188265,6.487855818
515.5109649,7769.069959,9.77307908,9.697236328,2745.922812,25.75953531
654.0569103,6647.56905,7.573102071,4.312338698,435.3897721,44.012968
647.897959,1933.436122,1.616714362,3.475187953,4779.468548,9.886703934
315.58756,1823.68242,4.769001065,0.50349527,1272.457777,17.00831425
689.3888393,6636.996925,2.473403158,6.920112559,885.6095286,34.68852449
587.2286605,7667.289356,6.406151835,4.579289944,4277.017267,26.76431384
87.26387684,2723.95964,6.66600479,2.26521626,115.4826239,13.35602944
644.5893178,307.3551142,1.626997438,6.139703063,2583.31326,10.47783407
608.9274534,913.499508,5.650853125,2.528581183,3858.740768,14.80365791
363.18664,9681.814345,7.71626911,5.776317543,4677.237812,20.11251912
413.892805,3024.903297,4.988956645,3.59208747,4550.550574,6.699144459
279.3018927,7715.309164,0.121031168,8.235522266,4107.143104,2.597529377
234.6380692,3881.202433,3.57029344,4.773503981,1036.137445,12.02441102
561.997414,2136.303896,9.261940684,3.508191093,1456.712264,27.59916819
233.4494202,6188.628384,6.343636889,8.057145257,1916.416958,12.06879728
278.7180855,7768.874428,2.220758707,3.281794828,1996.937318,20.67756407
376.1769221,6474.65211,3.216699897,2.090593737,2745.548857,21.40711223
643.8989315,5349.991119,8.480420896,0.846883419,841.4048287,44.81512274
242.8672413,9688.038898,0.953992773,4.821320989,879.4543696,24.83288711
516.2508737,8007.270497,4.28702021,8.409087104,1586.026986,27.47249529
316.5525586,2998.938163,0.291697636,2.212386964,2541.558397,7.870767239
157.2233761,9801.706261,4.808901466,3.809912737,3992.38078,14.36691958
316.7076613,6058.627737,6.624340117,8.084057389,3710.372705,8.376518043
123.4708906,7505.924476,2.888849389,3.84611076,821.0776399,17.89179348
348.8574409,8136.520902,3.978366255,4.591240233,2757.874461,21.3523435
293.2478147,6599.138213,9.195310247,3.032858908,482.8601839,31.78019016
640.3921307,1368.147889,9.932550154,9.325548784,1917.947725,19.13818283
253.6757294,3448.848309,0.44911299,1.186437657,2096.906825,9.775766951
406.4118452,9288.028039,7.610079235,9.33749423,247.0666253,33.253292
442.5850015,2323.694557,3.717240664,6.838664518,1406.241092,12.61144455
464.4761604,4377.561141,7.542649733,0.326590608,4770.481409,18.8208622
124.6251768,4450.109398,9.184264321,4.755961918,1794.018919,11.34059827
672.7492222,6168.101867,9.509285945,4.07748105,263.3455393,46.5920464
104.0639094,9436.450794,5.77122586,1.61218812,936.5199497,27.6578727
290.2368866,2482.857847,3.571211593,6.564096035,1991.478077,4.40502356
697.8119763,2054.95785,2.510013833,5.621888111,748.9353645,26.12506239
351.5365072,8880.556512,5.640740288,7.147532764,3829.403426,16.86906903
416.7695121,6493.527045,3.585784615,0.684504526,587.9785699,34.30248168
524.9723293,8177.874696,2.403989129,1.163584852,1939.001671,35.84610602
146.9339152,8627.562964,1.915929457,6.127958355,3887.410968,5.040423257
628.6380026,8480.491953,9.182390867,9.384821582,1745.82586,36.26471362
143.5977483,9197.372683,1.018036829,6.617777325,3156.960942,7.611147997
133.4814045,2597.1861,5.059579077,0.768030483,1000.479619,12.11921174
25.58476749,7574.915095,2.20852783,3.54666205,772.8040455,13.83109634
395.3887933,8435.785674,0.360188183,4.032077561,4592.354026,13.97735392
542.8693317,7786.82972,8.667703545,8.146710047,3145.895578,26.59695896
317.3021843,6596.002193,2.82478744,6.118310201,4050.927646,7.532282081
367.0731885,1856.544818,9.504591706,3.734579451,391.7328377,22.7088613
308.5339229,5495.766497,5.81622293,2.553363738,1707.205757,22.11965294
280.5341426,9848.230421,4.366141898,1.058743182,1602.830468,33.01017313
391.7482319,9380.141858,5.800888347,3.548976835,3196.444344,27.9312103
127.3496913,1731.666676,7.587762538,6.758229251,785.1085691,4.096994989
603.2499347,1404.114857,2.82496066,6.581598243,3002.512023,10.30637098
662.2808235,7287.201109,3.530503916,0.701081396,4081.200407,32.75554683
261.3165214,8196.074766,8.940943025,3.952593154,1941.511298,26.93547451
189.5212712,2213.762526,9.464565132,1.817788672,704.7301397,17.57570807
450.7996803,5107.94166,8.925582275,1.568127053,1023.606577,34.56880584
286.1139198,8422.959977,4.19447994,8.273021497,1225.542361,20.20220333
17.77044896,7354.735293,7.80365503,0.419152167,1534.493085,20.18538334
109.3068182,5468.148334,4.763357333,4.191828759,3231.835599,3.903220555
501.1805602,5944.442136,4.975398521,1.682036558,3024.680148,26.6938953
461.2467593,5132.769414,2.046801091,8.793302157,3495.595315,7.47410839
155.3805134,5693.717729,1.861358978,2.313806364,4128.788377,2.768955106
161.7523576,6919.96449,3.315646991,5.024272872,1060.233923,15.77045712
470.3249205,8745.896867,8.550302016,7.314863597,2371.7517,30.1125243
72.87600739,7635.103217,0.711582852,2.204460042,941.7853063,15.84876706
559.9412598,1684.709186,0.690075926,8.861817721,593.822413,13.23131522
456.9222755,192.3830363,5.06920438,9.164205445,1747.501831,4.396229715
69.60897493,7291.97098,8.10878581,6.298206544,175.4755911,19.17274286
170.2205337,9918.918518,8.358259279,4.032106332,3465.732098,20.53963342
505.5868523,1081.863186,3.321910331,7.523978823,1614.701492,9.949802048
598.9875277,4074.793727,6.936180575,5.312940184,325.9172253,33.52097976
581.1539052,8020.70259,7.711228159,6.774380712,3068.57317,30.23371682
278.0284707,2119.952783,6.546506869,4.284579038,1241.97889,12.3671106
467.6595956,5595.340998,1.515950748,7.31496464,1964.695848,16.71562699
143.4890068,7357.405831,8.758830835,8.244715176,448.8750208,19.13930143
205.2034112,6198.255958,5.390945527,1.464362566,778.4580929,24.37064111
627.435073,1961.444873,2.824724264,8.329297156,1524.987316,16.024516
9.101346458,3618.30723,4.252281854,5.402965318,494.3095278,3.606421547
145.5203786,5586.84249,1.278668012,4.313017063,79.93286376,14.69310484
127.0048046,7633.808524,0.000116348,9.150607325,660.0749178,8.161490052
408.1290927,449.5824139,4.165658285,2.511692675,1573.011493,12.72127616
294.9971854,7482.764449,5.225101811,8.442123253,4633.994821,5.375585288
624.8701978,2104.557546,0.5463442,4.840205725,850.3880387,21.92602865
572.2104932,9584.927453,9.73078163,5.140954426,4830.869983,31.18149555
239.2721462,3742.613438,2.261253312,3.084682815,1068.682166,12.97055457
265.7846857,1573.991698,3.039425123,3.252111963,2756.052461,2.462798824
413.2064598,3125.481733,2.304166621,0.392694142,4428.169702,9.52499921
187.6445486,8778.842542,0.014738221,2.719986053,2792.266615,14.75470826
436.9042355,9963.709943,7.293447941,0.063790434,2696.068135,40.04723184
286.5881565,3746.264352,9.668454998,9.783547871,1017.517102,12.57107523
386.4330266,4541.245246,2.242934833,9.657472098,872.8353422,12.17991386
305.2885704,7248.502288,6.630471918,3.951552975,4586.621298,13.56170886
206.1260317,8873.338227,7.41896327,7.283708543,1672.799084,20.81952247
663.9173149,5971.138908,8.484253791,3.458060984,1891.807162,39.11138015
534.5240559,3976.104412,4.22629197,6.710931571,3811.127109,11.76382103
607.9275831,6986.61965,3.25295134,9.467562447,4762.709111,13.52135963
341.2018388,131.8608097,7.126213331,4.002122758,3702.742457,1.264647339
626.1865588,6233.934441,8.167794665,7.83297983,3007.274751,26.81062883
559.8986792,3619.380803,1.816139678,2.659284506,4410.431045,13.22959843
297.6494531,7962.55358,3.709410082,9.903323038,295.5492463,20.33501762
15.72851582,1020.607334,9.019401967,0.257695988,1322.460326,6.568614266
188.0741516,5923.202443,8.066935197,6.035288065,2351.929854,12.47461057
379.1439503,4861.63161,9.848584028,6.595059817,1173.54377,23.66492469
443.4347539,6459.022706,7.542482597,6.880455571,3732.330677,17.44437989
97.54925185,5841.839496,5.90637834,9.385297835,2147.662094,2.023064174
584.4511658,5658.697421,6.610142542,1.811832791,1743.556371,36.11281853
689.0815265,5650.534935,0.784558163,6.227534032,4809.676124,15.86295538
367.9831276,6074.527899,5.444969591,2.226760791,2252.019542,24.05377545
120.1755001,6797.032579,7.093208285,3.07216417,2470.789582,14.74476372
190.6151286,8069.391097,1.67321304,5.464585417,1790.666868,14.65636498
640.0091646,8267.989161,5.837727805,1.60225601,2866.329642,40.06796232
82.42575802,5032.731254,9.522217857,1.709364024,3822.764207,7.781475617
387.9246018,3408.959355,6.015538793,8.979646468,2196.78694,8.906659793
455.9942718,7870.480073,2.965599122,0.841276623,4249.935283,23.92275489
580.8192626,7106.041254,7.144241641,3.931039076,1848.113991,36.51258431
144.4948902,7907.28815,7.590052825,1.002455637,3979.978911,16.12731226
630.0130493,1559.780014,5.088905556,6.02449442,3721.055073,12.06795293
611.7230543,3349.108261,3.692807702,1.630191138,4035.231695,19.6960672
418.1891715,4396.791725,9.329248626,2.338128331,4232.946262,17.80464346
420.3618023,977.1442538,8.275063199,0.237077536,2005.514022,20.35575725
465.5256722,2284.058332,6.972093819,8.349472057,303.7541229,18.89411531
122.759895,6022.430411,7.143266357,9.74690596,2039.287543,4.682971633
640.0883621,7383.064831,4.617161438,1.354595368,3385.093337,34.93491549
293.1393674,9983.640363,9.209945211,2.314752138,2279.23441,34.14309602
268.1969698,9337.82198,6.945954273,8.684095239,3757.367597,13.72905182
363.2423937,6461.395475,7.289810617,9.26463798,1817.063026,17.84562139
32.87617674,4270.355728,8.616909038,4.196273828,3191.983498,1.639432624
116.3983581,6398.155911,2.740715893,0.506224723,972.778034,19.07415751
516.6235315,7877.951019,8.070709039,0.393918337,3759.378711,34.27820273
422.2064766,4158.058408,3.453419522,3.928951089,1060.118723,21.8092273
171.7443768,8414.042628,3.356104543,0.286524276,1494.960309,25.34205675
272.5069298,3899.946224,9.785254684,5.832523923,3755.613107,7.442750351
202.0856157,5761.535485,8.565372237,0.113025366,2438.876117,21.70498054
248.9709015,5918.916673,7.011698616,7.873719581,1119.35563,16.1911699
503.3321336,1926.314906,7.270567616,3.064328227,4837.992392,9.709270127
207.9852009,3686.130872,5.620727944,0.40258003,3589.868848,8.786361156
396.4832482,3411.661759,9.470906671,5.88352221,4787.817421,7.015647277
333.2352815,359.3474145,4.962587529,3.976844144,2164.169975,5.520522016
464.5698158,339.4984625,3.805177099,9.738004134,2401.746686,0.35006527
655.7808175,8333.800732,1.630353369,5.441986625,4494.87832,24.42725416
512.800468,2803.401019,7.862056523,2.75239181,2648.994234,22.12315733
150.458265,5228.979786,7.344439321,7.094388646,3551.030614,2.019394718
21.82819454,3057.383179,3.843550385,2.714920025,1298.255744,3.157099371
183.584831,9412.724527,0.25193414,9.042432914,2261.29602,9.042833334
416.5545515,2667.037913,8.389973277,3.747219705,661.0768358,24.64476908
35.99806944,4353.602446,0.114179835,5.498685628,1069.601178,0.014527202
347.456373,8740.02948,7.036997796,0.505731038,54.66990557,42.80078273
417.7899942,8435.142311,9.702571097,4.26121238,244.3620057,41.32644575
539.6385426,8046.168767,2.34973405,8.056488054,1249.650791,28.50918684
74.61877719,4636.050179,7.0487101,2.243185589,3333.388012,5.13845271
52.59644722,4881.391834,8.17128142,2.26079071,4203.543509,2.423534355
509.7321293,1421.451727,5.464303161,8.173053122,2775.769273,7.500938388
346.8439213,897.9549862,9.670352753,9.303984202,808.0652754,9.5917423
481.8816775,7306.599139,0.516687217,0.953609213,3654.176365,23.38813768
304.379137,5014.965408,5.047955983,4.500586394,3021.24448,11.79433215
172.4814233,4424.821956,7.184539473,3.37454279,3669.690417,5.898079507
573.3716224,7322.131464,8.626404711,8.706884555,3860.245783,23.00349294
559.5911153,7678.5777,1.792556119,0.835249147,4878.28132,24.20547774
486.2875296,1673.19086,8.000034818,2.111259426,2889.138236,18.30046401
190.5015961,6141.22898,5.527070757,7.524683376,1741.123508,10.79297823
413.1614668,1440.005415,3.96553682,0.51293849,3259.899557,11.4634644
252.6817279,7538.613352,1.317150286,4.925353807,388.7815108,22.04974382
64.10745133,6603.856047,8.652957589,4.421070347,4492.116726,3.309987484
642.1195028,9570.484749,1.572732082,3.34401179,640.9360061,45.43858951
665.1661477,664.8417394,2.90045532,5.299405869,4087.939634,8.768812942
312.2040411,2893.652039,8.714140342,1.613673584,3006.696273,14.88114816
